reddit,recomm,content
0.08573771200495515,0.16997656957024238,0.19986405449912673
0.08493581716865725,0.16852006758821472,0.19969737527292525
0.08700833558633764,0.1680598108575804,0.19921365593959756
0.086490688084618,0.16768921835082679,0.20045061635699715
0.08625348855933224,0.16565594549032608,0.19818758271907322
