reddit,recomm,content,reddit_avg
0.6236353669042212,0.48642806797713206,0.36801628945101417,0.672503719946746
