reddit,recomm,content,reddit_avg
0.8127335640138408,0.7784083044982699,0.5303806228373702,0.875847750865052
